Registered Nursing Program Name,Type,Total Delivered - 2022,Pass Rate - 2022,Total Delivered - 2023,Pass Rate - 2023,Total Delivered - 2024,Pass Rate - 2024,Total Delivered - 2025,Pass Rate - 2025,Total Delivered,4 Year Average
Abraham Baldwin Agricultural College,Associates,119,78.15,102,82.35,84,97.62,96,100,401,88.53%
Albany State University,Associates,182,72.53,147,86.39,115,95.65,137,86.13,581,83.82%
Albany State University,Bachelors,14,78.57,16,100,12,91.67,6,83.33,48,89.58%
Albany Technical College,Associates,22,81.82,10,100,26,100,30,96.67,88,94.32%
Andrew College,Associates,14,64.29,2,100,8,100,16,75,40,77.50%
Athens Technical College,Associates,40,90,47,100,50,100,54,94.44,191,96.34%
Atlanta Technical College,Associates,10,80,12,100,24,100,13,100,59,96.61%
Augusta Technical College,Associates,10,100,25,96,52,82.69,131,90.82,218,83.94%
Augusta University,Bachelors,166,79.52,169,96.45,162,93.83,163,90.18,660,90.00%
Augusta University,Pre-Licensure Masters,132,84.09,137,87.59,144,94.12,127,90.55,540,92.41%
Berry College,Bachelors,32,78.13,23,100,35,100,26,100,116,93.97%
Brenau University,Bachelors,122,85.25,77,77.92,41,85.42,36,88.89,276,88.41%
Brenau University,Pre-Licensure Masters,,,51,100,70,98.57,81,87.65,202,94.55%
Brewton Parker Christian University,Bachelors,,,,,9,100,14,50,23,69.57%
Cambridge College of Healthcare and Technology,Associates,,,,,,,25,76,25,76.00%
Central Georgia Technical College,Associates,34,70.59,38,97.37,56,91.07,71,76.06,199,83.42%
Chamberlain University,Bachelors,327,79.51,426,79.58,403,77.92,331,79.76,1487,79.15%
Chattahoochee Technical College,Associates,54,100,41,95.12,16,100,49,100,160,98.75%
Clayton State University,Bachelors,81,80.25,76,88.16,35,94.29,41,95.12,233,87.55%
Coastal Pines Technical College,Associates,38,52.63,36,80.56,28,82.14,23,86.96,125,73.60%
College of Coastal Georgia,Associates,55,72.73,38,92.11,48,95.83,51,90.2,192,86.98%
College of Coastal Georgia,Bachelors,36,83.33,33,100,31,100,20,100,120,95.00%
Columbus State University,Bachelors,39,87.18,60,96.67,74,95.95,47,95.74,220,94.55%
Columbus Technical College,Associates,61,80.33,70,88.57,85,90.59,80,78.75,296,84.80%
Dalton State College,Associates,58,70.69,84,88.1,116,88.79,110,80.91,368,83.42%
Emory University,Bachelors,192,85.94,151,94.04,156,94.23,184,89.13,683,90.48%
Emory University,Pre-Licensure Masters,285,84.21,318,89.94,334,90.12,313,78.27,1250,85.76%
Fort Valley State University,Bachelors,,,,,,,6,66.67,6,66.67%
Georgia Baptist College of Nursing - Mercer University,Bachelors,198,81.31,171,90.64,161,95.65,131,90.08,661,88.96%
Georgia College and State University,Bachelors,109,88.99,135,94.81,142,91.55,132,93.94,518,92.47%
Georgia Gwinnett College,Bachelors,57,94.74,54,96.3,63,100,67,83.58,241,93.36%
Georgia Highlands College,Associates,87,85.06,82,96.34,100,96,111,90.99,380,92.11%
Georgia Northwestern Technical College,Associates,22,86.36,9,100,16,100,17,100,64,95.31%
Georgia Southern University,Bachelors,284,80.99,321,88.79,326,92.94,306,85.62,1237,87.31%
Georgia Southwestern State University,Associates,,,,,32,84.38,42,73.81,74,78.38%
Georgia Southwestern State University,Bachelors,47,89.36,33,96.97,43,90.7,32,87.5,155,90.97%
Georgia State University,Associates,98,95.92,90,98.89,78,100,90,96.67,356,97.75%
Georgia State University,Bachelors,141,83.69,110,83.64,142,92.25,182,89.56,575,87.65%
Gordon State College,Associates,39,84.62,45,88.89,47,97.87,46,80.43,177,88.14%
Gordon State College,Bachelors,32,84.38,45,84.44,43,86.05,45,82.22,165,84.24%
Gwinnett Technical College,Associates,58,89.66,73,89.04,69,88.41,81,79.01,281,86.12%
Herzing University,Bachelors,33,36.36,31,90.32,77,80.52,35,80,176,73.86%
Kennesaw State University,Bachelors,244,88.11,301,90.7,319,96.55,386,89.38,1250,91.28%
LaGrange College,Bachelors,35,54.29,29,75.86,22,95.45,16,62.5,102,70.59%
Lanier Technical College,Associates,19,84.21,22,100,22,100,15,86.67,78,93.59%
Middle Georgia State University,Associates,84,86.9,51,94.12,50,96,60,96.67,245,92.65%
Middle Georgia State University,Bachelors,132,93.18,121,97.52,88,100,31,96.77,372,96.51%
North Georgia Technical College,Associates,35,91.43,33,100,41,100,57,98.25,166,97.59%
Oconee Fall Line Technical College,Associates,47,87.23,49,95.92,51,94.12,62,87.1,209,90.91%
Ogeechee Technical College,Associates,,,,,,,23,86.96,23,86.96%
Piedmont University,Bachelors,60,78.33,73,95.89,65,86.15,59,88.14,257,87.55%
Reinhardt University,Bachelors,25,84,37,94.59,20,100,32,100,114,94.74%
Shorter University,Bachelors,19,89.47,28,85.71,26,92.31,21,71.43,94,85.11%
South College,Associates,,,,,7,85.71,131,68.7,138,69.57%
South College,Bachelors,68,89.71,36,97.22,88,86.36,136,69.12,328,81.10%
South Georgia State College,Associates,62,82.26,71,81.69,50,92,44,84.09,227,84.58%
South University,Bachelors,,,,,,,3,100,3,100.00%
Southeastern Technical College,Associates,40,90,50,100,43,100,38,92.11,171,95.91%
Southern Crescent Technical College,Associates,38,86.84,41,92.68,40,87.5,76,92.11,195,90.26%
Southern Regional Technical College,Associates,100,76,110,88.18,77,83.12,96,78.13,383,81.46%
Toccoa Falls College,Bachelors,14,50,23,91.3,9,100,6,100,52,82.69%
Truett-McConnell University,Bachelors,20,85,15,93.33,13,100,18,100,66,93.94%
University of North Georgia,Bachelors,188,87.77,161,95.65,184,96.74,201,92.54,734,93.05%
University of West Georgia,Bachelors,134,71.64,167,84.43,143,93.01,150,83.33,594,83.33%
Valdosta State University,Bachelors,86,83.72,84,94.05,84,94.05,70,95.71,324,90.74%
Wesleyan College,Bachelors,31,71.88,24,100,18,88.89,15,86.67,88,86.36%
West Georgia Technical College,Associates,43,90.7,32,96.88,45,95.56,38,94.74,158,94.30%
Wiregrass Georgia Technical College,Associates,31,100,38,94.74,57,84.21,85,71.76,211,83.41%