school_name,school_type,year,pass_rate,total_delivered,completion_rate,slot_fill_rate,total_student_count,sample_size,retention_rate
albany state university,Bachelors,2022,78.57,14.0,,,,10.0,0.8
albany state university,Bachelors,2023,100.0,16.0,,,,10.0,0.8
albany state university,Bachelors,2024,91.67,12.0,,,,10.0,0.8
albany state university,Bachelors,2025,83.33,6.0,,,,10.0,0.8
augusta university,Bachelors,2022,79.52,166.0,,,,,
augusta university,Bachelors,2023,96.45,169.0,,,,,
augusta university,Bachelors,2024,93.83,162.0,,,,,
augusta university,Bachelors,2025,90.18,163.0,,,,,
berry college,Bachelors,2022,78.13,32.0,,,,22.0,0.6818181818181818
berry college,Bachelors,2023,100.0,23.0,,,,22.0,0.6818181818181818
berry college,Bachelors,2024,100.0,35.0,,,,22.0,0.6818181818181818
berry college,Bachelors,2025,100.0,26.0,,,,22.0,0.6818181818181818
brenau university,Bachelors,2022,85.25,122.0,0.25,0.22727272727272727,10.0,67.0,0.746268656716418
brenau university,Bachelors,2023,77.92,77.0,0.25,0.22727272727272727,10.0,67.0,0.746268656716418
brenau university,Bachelors,2024,85.42,41.0,0.25,0.22727272727272727,10.0,67.0,0.746268656716418
brenau university,Bachelors,2025,88.89,36.0,0.25,0.22727272727272727,10.0,67.0,0.746268656716418
brewton parker christian university,Bachelors,2024,100.0,9.0,,,,,
brewton parker christian university,Bachelors,2025,50.0,14.0,,,,,
chamberlain university,Bachelors,2022,79.51,327.0,,,,393.0,0.6641221374045801
chamberlain university,Bachelors,2023,79.58,426.0,,,,393.0,0.6641221374045801
chamberlain university,Bachelors,2024,77.92,403.0,,,,393.0,0.6641221374045801
chamberlain university,Bachelors,2025,79.76,331.0,,,,393.0,0.6641221374045801
clayton state university,Bachelors,2022,80.25,81.0,,,,123.0,0.8373983739837398
clayton state university,Bachelors,2023,88.16,76.0,,,,123.0,0.8373983739837398
clayton state university,Bachelors,2024,94.29,35.0,,,,123.0,0.8373983739837398
clayton state university,Bachelors,2025,95.12,41.0,,,,123.0,0.8373983739837398
college of coastal georgia,Bachelors,2022,83.33,36.0,,,,11.0,0.8181818181818182
college of coastal georgia,Bachelors,2023,100.0,33.0,,,,11.0,0.8181818181818182
college of coastal georgia,Bachelors,2024,100.0,31.0,,,,11.0,0.8181818181818182
college of coastal georgia,Bachelors,2025,100.0,20.0,,,,11.0,0.8181818181818182
columbus state university,Bachelors,2022,87.18,39.0,,,,31.0,0.7096774193548387
columbus state university,Bachelors,2023,96.67,60.0,,,,31.0,0.7096774193548387
columbus state university,Bachelors,2024,95.95,74.0,,,,31.0,0.7096774193548387
columbus state university,Bachelors,2025,95.74,47.0,,,,31.0,0.7096774193548387
emory university,Bachelors,2022,85.94,192.0,,,,413.0,0.7869249394673123
emory university,Bachelors,2023,94.04,151.0,,,,413.0,0.7869249394673123
emory university,Bachelors,2024,94.23,156.0,,,,413.0,0.7869249394673123
emory university,Bachelors,2025,89.13,184.0,,,,413.0,0.7869249394673123
fort valley state university,Bachelors,2025,66.67,6.0,,,,,
georgia baptist college of nursing - mercer university,Bachelors,2022,81.31,198.0,,,,,
georgia baptist college of nursing - mercer university,Bachelors,2023,90.64,171.0,,,,,
georgia baptist college of nursing - mercer university,Bachelors,2024,95.65,161.0,,,,,
georgia baptist college of nursing - mercer university,Bachelors,2025,90.08,131.0,,,,,
georgia college and state university,Bachelors,2022,88.99,109.0,,,,14.0,1.0
georgia college and state university,Bachelors,2023,94.81,135.0,,,,14.0,1.0
georgia college and state university,Bachelors,2024,91.55,142.0,,,,14.0,1.0
georgia college and state university,Bachelors,2025,93.94,132.0,,,,14.0,1.0
georgia gwinnett college,Bachelors,2022,94.74,57.0,0.11764705882352941,0.0707070707070707,7.0,41.0,0.7317073170731707
georgia gwinnett college,Bachelors,2023,96.3,54.0,0.11764705882352941,0.0707070707070707,7.0,41.0,0.7317073170731707
georgia gwinnett college,Bachelors,2024,100.0,63.0,0.11764705882352941,0.0707070707070707,7.0,41.0,0.7317073170731707
georgia gwinnett college,Bachelors,2025,83.58,67.0,0.11764705882352941,0.0707070707070707,7.0,41.0,0.7317073170731707
georgia southern university,Bachelors,2022,80.99,284.0,,,,106.0,0.7547169811320755
georgia southern university,Bachelors,2023,88.79,321.0,,,,106.0,0.7547169811320755
georgia southern university,Bachelors,2024,92.94,326.0,,,,106.0,0.7547169811320755
georgia southern university,Bachelors,2025,85.62,306.0,,,,106.0,0.7547169811320755
georgia southwestern state university,Bachelors,2022,89.36,47.0,,,,14.0,0.5
georgia southwestern state university,Bachelors,2023,96.97,33.0,,,,14.0,0.5
georgia southwestern state university,Bachelors,2024,90.7,43.0,,,,14.0,0.5
georgia southwestern state university,Bachelors,2025,87.5,32.0,,,,14.0,0.5
georgia state university,Bachelors,2022,83.69,141.0,,,,194.0,0.7474226804123711
georgia state university,Bachelors,2023,83.64,110.0,,,,194.0,0.7474226804123711
georgia state university,Bachelors,2024,92.25,142.0,,,,194.0,0.7474226804123711
georgia state university,Bachelors,2025,89.56,182.0,,,,194.0,0.7474226804123711
gordon state college,Bachelors,2022,84.38,32.0,,,,5.0,0.6
gordon state college,Bachelors,2023,84.44,45.0,,,,5.0,0.6
gordon state college,Bachelors,2024,86.05,43.0,,,,5.0,0.6
gordon state college,Bachelors,2025,82.22,45.0,,,,5.0,0.6
herzing university,Bachelors,2022,36.36,33.0,0.6666666666666666,1.0,3.0,44.0,0.7045454545454546
herzing university,Bachelors,2023,90.32,31.0,0.6666666666666666,1.0,3.0,44.0,0.7045454545454546
herzing university,Bachelors,2024,80.52,77.0,0.6666666666666666,1.0,3.0,44.0,0.7045454545454546
herzing university,Bachelors,2025,80.0,35.0,0.6666666666666666,1.0,3.0,44.0,0.7045454545454546
kennesaw state university,Bachelors,2022,88.11,244.0,,,,174.0,0.7241379310344828
kennesaw state university,Bachelors,2023,90.7,301.0,,,,174.0,0.7241379310344828
kennesaw state university,Bachelors,2024,96.55,319.0,,,,174.0,0.7241379310344828
kennesaw state university,Bachelors,2025,89.38,386.0,,,,174.0,0.7241379310344828
lagrange college,Bachelors,2022,54.29,35.0,,,,7.0,0.5714285714285714
lagrange college,Bachelors,2023,75.86,29.0,,,,7.0,0.5714285714285714
lagrange college,Bachelors,2024,95.45,22.0,,,,7.0,0.5714285714285714
lagrange college,Bachelors,2025,62.5,16.0,,,,7.0,0.5714285714285714
middle georgia state university,Bachelors,2022,93.18,132.0,,,,22.0,0.5454545454545454
middle georgia state university,Bachelors,2023,97.52,121.0,,,,22.0,0.5454545454545454
middle georgia state university,Bachelors,2024,100.0,88.0,,,,22.0,0.5454545454545454
middle georgia state university,Bachelors,2025,96.77,31.0,,,,22.0,0.5454545454545454
piedmont university,Bachelors,2022,78.33,60.0,,,,5.0,1.0
piedmont university,Bachelors,2023,95.89,73.0,,,,5.0,1.0
piedmont university,Bachelors,2024,86.15,65.0,,,,5.0,1.0
piedmont university,Bachelors,2025,88.14,59.0,,,,5.0,1.0
reinhardt university,Bachelors,2022,84.0,25.0,,,,5.0,0.4
reinhardt university,Bachelors,2023,94.59,37.0,,,,5.0,0.4
reinhardt university,Bachelors,2024,100.0,20.0,,,,5.0,0.4
reinhardt university,Bachelors,2025,100.0,32.0,,,,5.0,0.4
shorter university,Bachelors,2022,89.47,19.0,,,,6.0,0.6666666666666666
shorter university,Bachelors,2023,85.71,28.0,,,,6.0,0.6666666666666666
shorter university,Bachelors,2024,92.31,26.0,,,,6.0,0.6666666666666666
shorter university,Bachelors,2025,71.43,21.0,,,,6.0,0.6666666666666666
south college,Bachelors,2022,89.71,68.0,,,,28.0,0.8571428571428571
south college,Bachelors,2023,97.22,36.0,,,,28.0,0.8571428571428571
south college,Bachelors,2024,86.36,88.0,,,,28.0,0.8571428571428571
south college,Bachelors,2025,69.12,136.0,,,,28.0,0.8571428571428571
south university,Bachelors,2025,100.0,3.0,,,,3.0,0.3333333333333333
toccoa falls college,Bachelors,2022,50.0,14.0,,,,1.0,1.0
toccoa falls college,Bachelors,2023,91.3,23.0,,,,1.0,1.0
toccoa falls college,Bachelors,2024,100.0,9.0,,,,1.0,1.0
toccoa falls college,Bachelors,2025,100.0,6.0,,,,1.0,1.0
truett-mcconnell university,Bachelors,2022,85.0,20.0,,,,,
truett-mcconnell university,Bachelors,2023,93.33,15.0,,,,,
truett-mcconnell university,Bachelors,2024,100.0,13.0,,,,,
truett-mcconnell university,Bachelors,2025,100.0,18.0,,,,,
university of north georgia,Bachelors,2022,87.77,188.0,,,,90.0,0.6333333333333333
university of north georgia,Bachelors,2023,95.65,161.0,,,,90.0,0.6333333333333333
university of north georgia,Bachelors,2024,96.74,184.0,,,,90.0,0.6333333333333333
university of north georgia,Bachelors,2025,92.54,201.0,,,,90.0,0.6333333333333333
university of west georgia,Bachelors,2022,71.64,134.0,,,,102.0,0.7745098039215687
university of west georgia,Bachelors,2023,84.43,167.0,,,,102.0,0.7745098039215687
university of west georgia,Bachelors,2024,93.01,143.0,,,,102.0,0.7745098039215687
university of west georgia,Bachelors,2025,83.33,150.0,,,,102.0,0.7745098039215687
valdosta state university,Bachelors,2022,83.72,86.0,,,,37.0,0.7837837837837838
valdosta state university,Bachelors,2023,94.05,84.0,,,,37.0,0.7837837837837838
valdosta state university,Bachelors,2024,94.05,84.0,,,,37.0,0.7837837837837838
valdosta state university,Bachelors,2025,95.71,70.0,,,,37.0,0.7837837837837838
wesleyan college,Bachelors,2022,71.88,31.0,,,,5.0,0.4
wesleyan college,Bachelors,2023,100.0,24.0,,,,5.0,0.4
wesleyan college,Bachelors,2024,88.89,18.0,,,,5.0,0.4
wesleyan college,Bachelors,2025,86.67,15.0,,,,5.0,0.4
